--1.TRAIN RELATION
INSERT INTO TRAIN VALUES(12713,'1010101','SHATAVAHANA');
INSERT INTO TRAIN VALUES(12728,'1111111','GODAVARI');
INSERT INTO TRAIN VALUES(12727,'1111111','GODAVARI');
INSERT INTO TRAIN VALUES(22691,'1001010','RAJADHANI');
INSERT INTO TRAIN VALUES(15389,'1111111','HYD_KZP_GOODS');
INSERT INTO TRAIN VALUES(12805,'1111111','JANMABHOOMI');

--2.TRAIN_DETAILS RELATION
INSERT INTO TRAIN_DETAILS VALUES('EXPRESS',2,10,2,13,3,8,4);
INSERT INTO TRAIN_DETAILS VALUES('GOODS',20,0,0,0,0,0,0);
INSERT INTO TRAIN_DETAILS VALUES('AC',3,0,0,0,0,10,10);
INSERT INTO TRAIN_DETAILS VALUES('SUPER FAST',4,5,2,15,5,8,7);
INSERT INTO TRAIN_DETAILS VALUES('GENERAL',2,30,1,0,0,0,0);

--14.TRAIN_TYPE RELATION
INSERT INTO TRAIN_TYPE VALUES('SHATAVAHANA' ,'EXPRESS');
INSERT INTO TRAIN_TYPE VALUES('GODAVARI','SUPER FAST');
INSERT INTO TRAIN_TYPE VALUES('RAJADHANI','AC');
INSERT INTO TRAIN_TYPE VALUES('HYD_KZP_GOODS','GOODS');
INSERT INTO TRAIN_TYPE VALUES('JANMABHOOMI','GENERAL');

--3.STATION RELATION
INSERT INTO STATION VALUES ('SC','SECUNDERABAD','HYDERABAD','TS',10);
INSERT INTO STATION VALUES('KZP','KAZIPET','WARANGAL','TS',3);
INSERT INTO STATION VALUES('BZA','VIJAYAWADA','VIJAYAWADA','AP',6);
INSERT INTO STATION VALUES('HYB','HYD_DEC_NAM','HYDERABAD','TS',8);
INSERT INTO STATION VALUES('VSKP','VISHAKAPATNAM','VISHAKAPATNAM','AP',12);
INSERT INTO STATION VALUES('KSRB','KSR BANGALORE','BANGALORE','KARNATAKA',7);
INSERT INTO STATION VALUES('NZM','HAZRAT NIZAMUDDIN','NEW DELHI','NEW DELHI',15);
INSERT INTO STATION VALUES('LNG','LINGAMPALLY','HYDERABAD','TS',2);

--4.PNR RELATION
INSERT INTO PNR VALUES(23874915,'08-MAY-2023',12713,'KZP','SC','SL','GN',8765439218);
INSERT INTO PNR VALUES(89256347,'08-MAY-2023',12713,'BZA','KZP','AC','GN',9846512374);
INSERT INTO PNR VALUES(41598623,'08-MAY-2023',12728,'SC','VSKP','SL','TATKAL',8456127893);
INSERT INTO PNR VALUES(67491258,'08-MAY-2023',12728,'BZA','VSKP','AC','GN',7845961235);
INSERT INTO PNR VALUES(32675891,'08-MAY-2023',12727,'VSKP','HYB','SL','GN',8462159753);
INSERT INTO PNR VALUES(87145963,'08-MAY-2023',12727,'VSKP','BZA','AC','TATKAL',9842136574);
INSERT INTO PNR VALUES(59368241,'08-MAY-2023',22691,'KSRB','NZM','AC','GN',6541872390);
INSERT INTO PNR VALUES(45617982,'08-MAY-2023',22691,'SC','NZM','AC','TATKAL',6248713905);
INSERT INTO PNR VALUES(91837526,'08-MAY-2023',12805,'VSKP','LNG','2S','GN',8462017935);
INSERT INTO PNR VALUES(72543918,'08-MAY-2023',12805,'SC','LNG','2S','GN',8896658937);

--5.PASSENGER RELATION
INSERT INTO PASSENGER VALUES (23874915,20,'SUMANTH',23,'M','S2');
INSERT INTO PASSENGER VALUES (89256347,30,'SRINU',40,'M','A1');
INSERT INTO PASSENGER VALUES (41598623,32,'NIDHI',30,'F','S1');
INSERT INTO PASSENGER VALUES (41598623,42,'VIJAYA',54,'F','S2');
INSERT INTO PASSENGER VALUES (67491258,56,'KUMAR',38,'M','A2');
INSERT INTO PASSENGER VALUES (32675891,20,'VISHWAJITH',19,'M','S1');
INSERT INTO PASSENGER VALUES (87145963,18,'VATSAV',26,'M','A3');
INSERT INTO PASSENGER VALUES (59368241,06,'HASINI',22,'F','A2');
INSERT INTO PASSENGER VALUES (45617982,12,'SHIVANI',42,'F','A1');
INSERT INTO PASSENGER VALUES (91837526,36,'DEVENDAR',60,'M','D1');
INSERT INTO PASSENGER VALUES (72543918,54,'SUNITHA',49,'F','D3');

--6.EMPLOYEE RELATION
INSERT INTO EMPLOYEE VALUES(00001,'rithuraj','TC',40000,'20 APR 2004','SC');
INSERT INTO EMPLOYEE VALUES(00002,'vishwa','SM',60000,'03 JAN 2001','SC');
INSERT INTO EMPLOYEE VALUES(00003,'ganesh','POLICE',30000,'04 AUG 1996','SC');
INSERT INTO EMPLOYEE VALUES(00004,'varsini','CLEANER',10000,'15 AUG 1998','SC');
INSERT INTO EMPLOYEE VALUES(00005,'vatsav','CW',20000,'12 SEP 2000','SC');
INSERT INTO EMPLOYEE VALUES(00006,'mukesh','TD',50000,'25 DEC 1996','SC');
INSERT INTO EMPLOYEE VALUES(00069,'YESHWANTH','TD',50000,'25 DEC 1996','SC');
INSERT INTO EMPLOYEE VALUES(00014,'shashidar','PW',5000,'12 SEP 2000','SC');
INSERT INTO EMPLOYEE VALUES(00057,'HANUMANTHARAO','POLICE',30000,'04 AUG 1996','SC');
INSERT INTO EMPLOYEE VALUES(00065,'RAJU','CW',20000,'12 SEP 2000','SC');

INSERT INTO EMPLOYEE VALUES(00007,'saketh','TD',50000,'21 FEB 2013','KZP');
INSERT INTO EMPLOYEE VALUES(00008,'pramod','PW',5000,'09 SEP 1993','KZP');
INSERT INTO EMPLOYEE VALUES(00009,'shivani','TC',40000,'05 MAR 2005','KZP');
INSERT INTO EMPLOYEE VALUES(00010,'sanjana','CLEANER',10000,'16 NOV 2016','KZP');
INSERT INTO EMPLOYEE VALUES(00011,'supraj','SM',60000,'20 APR 2004','KZP');
INSERT INTO EMPLOYEE VALUES(00012,'vishal','CW',20000,'03 JAN 2001','KZP');
INSERT INTO EMPLOYEE VALUES(00013,'srinivasa rao','POLICE',30000,'04 AUG 1996','KZP');
INSERT INTO EMPLOYEE VALUES(00058,'RAVI','POLICE',30000,'04 AUG 1996','KZP');

INSERT INTO EMPLOYEE VALUES(00015,'manikanta','TD',50000,'25 DEC 1996','BZA');
INSERT INTO EMPLOYEE VALUES(00016,'kamal','PW',5000,'21 FEB 2013','BZA');
INSERT INTO EMPLOYEE VALUES(00017,'sanjay','TC',40000,'09 SEP 1993','BZA');
INSERT INTO EMPLOYEE VALUES(00018,'abhishek','CLEANER',10000,'15 AUG 1998','BZA');
INSERT INTO EMPLOYEE VALUES(00019,'bhuvanesh','SM',60000,'05 MAR 2005','BZA');
INSERT INTO EMPLOYEE VALUES(00020,'saikiran','CW',20000,'16 NOV 2016','BZA');
INSERT INTO EMPLOYEE VALUES(00021,'AASHRITH','POLICE',30000,'04 AUG 1996','BZA');
INSERT INTO EMPLOYEE VALUES(00059,'TEJA','POLICE',30000,'04 AUG 1996','BZA');

INSERT INTO EMPLOYEE VALUES(00022,'PARVESH','TD',50000,'25 DEC 1996','HYB');
INSERT INTO EMPLOYEE VALUES(00023,'SAJJAN','PW',5000,'21 FEB 2013','HYB');
INSERT INTO EMPLOYEE VALUES(00024,'SUNITHA','TC',40000,'09 SEP 1993','HYB');
INSERT INTO EMPLOYEE VALUES(00025,'RAJINI','CLEANER',10000,'15 AUG 1998','HYB');
INSERT INTO EMPLOYEE VALUES(00026,'KIRAN','SM',60000,'05 MAR 2005','HYB');
INSERT INTO EMPLOYEE VALUES(00027,'RAJESH','CW',20000,'16 NOV 2016','HYB');
INSERT INTO EMPLOYEE VALUES(00028,'VARSHINI','POLICE',30000,'04 AUG 1996','HYB');
INSERT INTO EMPLOYEE VALUES(00064,'UTKARSH','POLICE',30000,'04 AUG 1996','HYB');
INSERT INTO EMPLOYEE VALUES(00066,'RAGHU','CW',20000,'12 SEP 2000','HYB');

INSERT INTO EMPLOYEE VALUES(00029,'Trishul','TD',50000,'25 DEC 1996','VSKP');
INSERT INTO EMPLOYEE VALUES(00030,'Raga','PW',5000,'21 FEB 2013','VSKP');
INSERT INTO EMPLOYEE VALUES(00031,'Pavan','TC',40000,'09 SEP 1993','VSKP');
INSERT INTO EMPLOYEE VALUES(00032,'Uma','CLEANER',10000,'15 AUG 1998','VSKP');
INSERT INTO EMPLOYEE VALUES(00033,'Rohit','SM',60000,'05 MAR 2005','VSKP');
INSERT INTO EMPLOYEE VALUES(00034,'Abhiram','CW',20000,'16 NOV 2016','VSKP');
INSERT INTO EMPLOYEE VALUES(00035,'Hanuman','POLICE',30000,'04 AUG 1996','VSKP');
INSERT INTO EMPLOYEE VALUES(00060,'JAYA','POLICE',30000,'04 AUG 1996','VSKP');
INSERT INTO EMPLOYEE VALUES(00068,'SHARMA','CW',20000,'12 SEP 2000','VSKP');

INSERT INTO EMPLOYEE VALUES(00036,'KARTHIK','TD',50000,'25 DEC 1996','KSRB');
INSERT INTO EMPLOYEE VALUES(00037,'RAHUL','PW',5000,'21 FEB 2013','KSRB');
INSERT INTO EMPLOYEE VALUES(00038,'HASINI','TC',40000,'09 SEP 1993','KSRB');
INSERT INTO EMPLOYEE VALUES(00039,'VYSHNAVI','CLEANER',10000,'15 AUG 1998','KSRB');
INSERT INTO EMPLOYEE VALUES(00040,'MANOJ','SM',60000,'05 MAR 2005','KSRB');
INSERT INTO EMPLOYEE VALUES(00041,'SRIRAM','CW',20000,'16 NOV 2016','KSRB');
INSERT INTO EMPLOYEE VALUES(00042,'ANEESH','POLICE',30000,'04 AUG 1996','KSRB');
INSERT INTO EMPLOYEE VALUES(00061,'CHANDRA','POLICE',30000,'04 AUG 1996','KSRB');

INSERT INTO EMPLOYEE VALUES(00043,'Anil','TD',50000,'25 DEC 1996','NZM');
INSERT INTO EMPLOYEE VALUES(00044,'Mohan','PW',5000,'21 FEB 2013','NZM');
INSERT INTO EMPLOYEE VALUES(00045,'Jagadish','TC',40000,'09 SEP 1993','NZM');
INSERT INTO EMPLOYEE VALUES(00046,'Raju','CLEANER',10000,'15 AUG 1998','NZM');
INSERT INTO EMPLOYEE VALUES(00047,'Charishma','SM',60000,'05 MAR 2005','NZM');
INSERT INTO EMPLOYEE VALUES(00048,'Sahithi','CW',20000,'16 NOV 2016','NZM');
INSERT INTO EMPLOYEE VALUES(00049,'Hanvitha','POLICE',30000,'04 AUG 1996','NZM');
INSERT INTO EMPLOYEE VALUES(00062,'HARSHA','POLICE',30000,'04 AUG 1996','NZM');
INSERT INTO EMPLOYEE VALUES(00067,'ROHITH','CW',20000,'12 SEP 2000','NZM');

INSERT INTO EMPLOYEE VALUES(00050,'ANURAG','TD',50000,'25 DEC 1996','LNG');
INSERT INTO EMPLOYEE VALUES(00051,'VISHNU','PW',5000,'21 FEB 2013','LNG');
INSERT INTO EMPLOYEE VALUES(00052,'VARSHA','TC',40000,'09 SEP 1993','LNG');
INSERT INTO EMPLOYEE VALUES(00053,'MOKSHAVI','CLEANER',10000,'15 AUG 1998','LNG');
INSERT INTO EMPLOYEE VALUES(00054,'RAKESH','SM',60000,'05 MAR 2005','LNG');
INSERT INTO EMPLOYEE VALUES(00055,'RISHIN','CW',20000,'16 NOV 2016','LNG');
INSERT INTO EMPLOYEE VALUES(00056,'BHARATH','POLICE',30000,'04 AUG 1996','LNG');
INSERT INTO EMPLOYEE VALUES(00063,'PRANAV','POLICE',30000,'04 AUG 1996','LNG');

--7.COUNTER RELATION
INSERT INTO COUNTER VALUES (1234,'SC','HYDERABAD','KOTHAPET',500035);
INSERT INTO COUNTER VALUES (2345,'SC','HYDERABAD','NAGOLE',500039);
INSERT INTO COUNTER VALUES (5678,'HYB','HYDERABAD','NAMPALLY',500095);
INSERT INTO COUNTER VALUES (3456,'NZM','NEW DELHI','NIZAMUDDIN',110013);
INSERT INTO COUNTER VALUES (4567,'HYB','HYDERABAD','MALAKPET',500036);
INSERT INTO COUNTER VALUES (6789,'NZM','NEW DELHI','SIDDARATH NAGAR',110013);
INSERT INTO COUNTER VALUES (7890,'VSKP','VISHAKAPATNAM','BALNAGAR',123456);
INSERT INTO COUNTER VALUES (8901,'VSKP','VISHAKAPATNAM','BEACH COLONY',234567);
INSERT INTO COUNTER VALUES (9012,'LNG','HYDERABAD','LINGAMPALLI',345678);
INSERT INTO COUNTER VALUES (0123,'BZA','VIJAYAWADA','JAGADAMBA CENTER',456789);
INSERT INTO COUNTER VALUES (0246,'KZP','KAZIPET','NITW',567890);
INSERT INTO COUNTER VALUES (1357,'KSRB','BANGLORE','CHINNASWAMY STADIUM',678901);

--8.STALL_DETAILS relation
INSERT INTO STALL_DETAILS VALUES (1,'SC',4500,'RAJU',9647851282);
INSERT INTO STALL_DETAILS VALUES (2,'SC',6000,'AKHIL',7451986035);
INSERT INTO STALL_DETAILS VALUES (3,'BZA',2000,'GANESH',8456903722);
INSERT INTO STALL_DETAILS VALUES (4,'BZA',3000,'VISHWA',6572931450);
INSERT INTO STALL_DETAILS VALUES (5,'VSKP',5000,'MUKESH',8462974530);
INSERT INTO STALL_DETAILS VALUES (6,'VSKP',10000,'CHANDU',7759138460);
INSERT INTO STALL_DETAILS VALUES (7,'KZP',3900,'SAI',8460913574);
INSERT INTO STALL_DETAILS VALUES (8,'LNG',7000,'SUNNY',9946137586);

--9.STATION_WORKERS relation
INSERT INTO STATION_WORKERS VALUES(00002,'08 MAY 2023','D',1);
INSERT INTO STATION_WORKERS VALUES(00003,'08 MAY 2023','N',2);
INSERT INTO STATION_WORKERS VALUES(00004,'08 MAY 2023','D',1);

INSERT INTO STATION_WORKERS VALUES(00011,'08 MAY 2023','N',2);
INSERT INTO STATION_WORKERS VALUES(00013,'08 MAY 2023','D',1);
INSERT INTO STATION_WORKERS VALUES(00010,'08 MAY 2023','N',2);

INSERT INTO STATION_WORKERS VALUES(00019,'08 MAY 2023','D',1);
INSERT INTO STATION_WORKERS VALUES(00021,'08 MAY 2023','D',2);
INSERT INTO STATION_WORKERS VALUES(00018,'08 MAY 2023','N',2);

INSERT INTO STATION_WORKERS VALUES(00026,'08 MAY 2023','D',2);
INSERT INTO STATION_WORKERS VALUES(00028,'08 MAY 2023','N',2);
INSERT INTO STATION_WORKERS VALUES(00025,'08 MAY 2023','N',1);


INSERT INTO STATION_WORKERS VALUES(00033,'08 MAY 2023','D',2);
INSERT INTO STATION_WORKERS VALUES(00035,'08 MAY 2023','N',1);
INSERT INTO STATION_WORKERS VALUES(00032,'08 MAY 2023','N',2);


INSERT INTO STATION_WORKERS VALUES(00040,'08 MAY 2023','N',1);
INSERT INTO STATION_WORKERS VALUES(00042,'08 MAY 2023','D',1);
INSERT INTO STATION_WORKERS VALUES(00039,'08 MAY 2023','D',1);


INSERT INTO STATION_WORKERS VALUES(00047,'08 MAY 2023','N',1);
INSERT INTO STATION_WORKERS VALUES(00049,'08 MAY 2023','D',2);
INSERT INTO STATION_WORKERS VALUES(00046,'08 MAY 2023','N',1);


INSERT INTO STATION_WORKERS VALUES(00054,'08 MAY 2023','D',2);
INSERT INTO STATION_WORKERS VALUES(00056,'08 MAY 2023','D',1);
INSERT INTO STATION_WORKERS VALUES(00053,'08 MAY 2023','D',1);

--10.COUNTER_EMP relation
INSERT INTO COUNTER_EMP VALUES(1234,'D','08 MAY 2023',00005);
INSERT INTO COUNTER_EMP VALUES(2345,'N','08 MAY 2023',00065);
INSERT INTO COUNTER_EMP VALUES(5678,'D','08 MAY 2023',00027);
INSERT INTO COUNTER_EMP VALUES(4567,'N','08 MAY 2023',00066);
INSERT INTO COUNTER_EMP VALUES(3456,'D','08 MAY 2023',00048);
INSERT INTO COUNTER_EMP VALUES(6789,'N','08 MAY 2023',00067);
INSERT INTO COUNTER_EMP VALUES(7890,'D','08 MAY 2023',00068);
INSERT INTO COUNTER_EMP VALUES(8901,'N','08 MAY 2023',00034);
INSERT INTO COUNTER_EMP VALUES(9012,'D','08 MAY 2023',00055);
INSERT INTO COUNTER_EMP VALUES(0123,'N','08 MAY 2023',00020);
INSERT INTO COUNTER_EMP VALUES(0246,'D','08 MAY 2023',00012);
INSERT INTO COUNTER_EMP VALUES(1357,'N','08 MAY 2023',00041);

--11.SCHEDULE relation
INSERT INTO SCHEDULE VALUES (12713,'BZA',NULL,'08-05-2023 06:25:00 AM',1,0);
INSERT INTO SCHEDULE VALUES (12713,'KZP','08-05-2023 09:33:00 AM','08-05-2023 09:35:00 AM',1,216);
INSERT INTO SCHEDULE VALUES (12713,'SC','08-05-2023 11:55:00 AM',NULL,1,348);

INSERT INTO SCHEDULE VALUES (12728,'HYB',NULL,'08-05-2023 05:05:00 PM',1,0);
INSERT INTO SCHEDULE VALUES (12728,'SC','08-05-2023 05:25:00 PM','08-05-2023 05:30:00 PM',1,7);
INSERT INTO SCHEDULE VALUES (12728,'KZP','08-05-2023 07:13:00 PM','08-05-2023 07:15:00 PM',1,139);
INSERT INTO SCHEDULE VALUES (12728,'BZA','08-05-2023 10:50:00 PM','08-05-2023 11:05:00 PM',1,356);
INSERT INTO SCHEDULE VALUES (12728,'VSKP','09-05-2023 05:35:00 AM',NULL,2,706);

INSERT INTO SCHEDULE VALUES (12727,'VSKP',NULL,'08-05-2023 05:20:00 PM',1,0);
INSERT INTO SCHEDULE VALUES (12727,'BZA','08-05-2023 11:25:00 PM','08-05-2023 11:40:00 PM',1,350);
INSERT INTO SCHEDULE VALUES (12727,'KZP','09-05-2023 02:55:00 AM','09-05-2023 02:57:00 AM',2,566);
INSERT INTO SCHEDULE VALUES (12727,'SC','09-05-2023 05:10:00 PM','09-05-2023 05:15:00 AM',2,698);
INSERT INTO SCHEDULE VALUES (12727,'HYB','09-05-2023 06:15:00 AM',NULL,2,706);

INSERT INTO SCHEDULE VALUES (22691,'KSRB',NULL,'08-05-2023 08:00:00 PM',1,0);
INSERT INTO SCHEDULE VALUES (22691,'SC','09-05-2023 07:05:00 AM','09-05-2023 07:15:00 AM',2,706);
INSERT INTO SCHEDULE VALUES (22691,'KZP','09-05-2023 08:48:00 AM','09-05-2023 08:50:00 AM',2,837);
INSERT INTO SCHEDULE VALUES (22691,'NZM','10-05-2023 05:30:00 AM',NULL,3,2374);

INSERT INTO SCHEDULE VALUES (15389,'SC',NULL,'08-05-2023 10:00:00 AM',1,0);
INSERT INTO SCHEDULE VALUES (15389,'KZP','08-05-2023 01:30:00 PM',NULL,1,132);

INSERT INTO SCHEDULE VALUES (12805,'VSKP',NULL,'08-05-2023 06:20:00 AM',1,0);
INSERT INTO SCHEDULE VALUES (12805,'BZA','08-05-2023 11:55:00 AM','08-05-2023 12:00:00 PM',1,349);
INSERT INTO SCHEDULE VALUES (12805,'SC','08-05-2023 06:15:00 PM','08-05-2023 06:20:00 PM',1,689);
INSERT INTO SCHEDULE VALUES (12805,'LNG','08-05-2023 07:40:00 PM',NULL,1,712);

--12.WEEK_SCHEDULE relation
INSERT INTO WEEK_SCHEDULE VALUES (12713,'BZA','08-05-2023 07:00:00 AM','08-05-2023 07:00:00 AM',1);
INSERT INTO WEEK_SCHEDULE VALUES (12713,'KZP','08-05-2023 10:04:00 AM','08-05-2023 10:15:00 AM',1);
INSERT INTO WEEK_SCHEDULE VALUES (12713,'SC','08-05-2023 12:48:00 PM','08-05-2023 12:48:00 PM',1);

INSERT INTO WEEK_SCHEDULE VALUES (12728,'HYB','08-05-2023 05:05:00 PM','08-05-2023 05:05:00 PM',1);
INSERT INTO WEEK_SCHEDULE VALUES (12728,'SC','08-05-2023 05:22:00 PM','08-05-2023 06:17:00 PM',1);
INSERT INTO WEEK_SCHEDULE VALUES (12728,'KZP','08-05-2023 07:51:00 PM','08-05-2023 07:56:00 PM',1);
INSERT INTO WEEK_SCHEDULE VALUES (12728,'BZA','08-05-2023 11:32:00 PM','08-05-2023 11:40:00 PM',1);
INSERT INTO WEEK_SCHEDULE VALUES (12728,'VSKP','09-05-2023 06:16:00 AM','09-05-2023 06:16:00 AM',2);

INSERT INTO WEEK_SCHEDULE VALUES (12727,'VSKP','08-05-2023 05:30:00 PM','08-05-2023 05:30:00 PM',1);
INSERT INTO WEEK_SCHEDULE VALUES (12727,'BZA','09-05-2023 12:14:00 AM','09-05-2023 12:25:00 AM',2);
INSERT INTO WEEK_SCHEDULE VALUES (12727,'KZP','09-05-2023 04:38:00 AM','09-05-2023 04:46:00 AM',2);
INSERT INTO WEEK_SCHEDULE VALUES (12727,'SC','09-05-2023 07:10:00 PM','09-05-2023 07:39:00 AM',2);
INSERT INTO WEEK_SCHEDULE VALUES (12727,'HYB','09-05-2023 07:55:00 AM','09-05-2023 07:55:00 AM',2);

INSERT INTO WEEK_SCHEDULE VALUES (22691,'KSRB','08-05-2023 08:03:00 PM','08-05-2023 08:03:00 PM',1);
INSERT INTO WEEK_SCHEDULE VALUES (22691,'SC','09-05-2023 08:02:00 AM','09-05-2023 08:17:00 AM',2);
INSERT INTO WEEK_SCHEDULE VALUES (22691,'KZP','09-05-2023 10:14:00 AM','09-05-2023 10:20:00 AM',2);
INSERT INTO WEEK_SCHEDULE VALUES (22691,'NZM','10-05-2023 06:02:00 AM','10-05-2023 06:02:00 AM',3);

INSERT INTO WEEK_SCHEDULE VALUES (15389,'SC','08-05-2023 10:00:00 AM','08-05-2023 10:00:00 AM',1);
INSERT INTO WEEK_SCHEDULE VALUES (15389,'KZP','08-05-2023 01:00:00 PM','08-05-2023 01:00:00 PM',1);

INSERT INTO WEEK_SCHEDULE VALUES (12805,'VSKP','08-05-2023 06:20:00 AM','08-05-2023 06:20:00 AM',1);
INSERT INTO WEEK_SCHEDULE VALUES (12805,'BZA','08-05-2023 12:45:00 PM','08-05-2023 01:01:00 PM',1);
INSERT INTO WEEK_SCHEDULE VALUES (12805,'SC','08-05-2023 07:29:00 PM','08-05-2023 07:44:00 PM',1);
INSERT INTO WEEK_SCHEDULE VALUES (12805,'LNG','08-05-2023 08:47:00 PM','08-05-2023 08:47:00 PM',1);

--13.CURRENT_WORKERS SCHEDULE
--tc td POLICE PW
INSERT INTO CURRENT_WORKERS VALUES (12713,'BZA','08 MAY 2023',00017,'SC');
INSERT INTO CURRENT_WORKERS VALUES (12713,'BZA','08 MAY 2023',00015,'SC');
INSERT INTO CURRENT_WORKERS VALUES (12713,'BZA','08 MAY 2023',00059,'SC');
INSERT INTO CURRENT_WORKERS VALUES (12713,'BZA','08 MAY 2023',00016,'SC');

INSERT INTO CURRENT_WORKERS VALUES (12728,'HYB','08 MAY 2023',00024,'KZP');
INSERT INTO CURRENT_WORKERS VALUES (12728,'HYB','08 MAY 2023',00022,'KZP');
INSERT INTO CURRENT_WORKERS VALUES (12728,'HYB','08 MAY 2023',00064,'KZP');
INSERT INTO CURRENT_WORKERS VALUES (12728,'HYB','08 MAY 2023',00023,'KZP');

INSERT INTO CURRENT_WORKERS VALUES (12728,'KZP','08 MAY 2023',00009,'VSKP');
INSERT INTO CURRENT_WORKERS VALUES (12728,'KZP','08 MAY 2023',00007,'VSKP');
INSERT INTO CURRENT_WORKERS VALUES (12728,'KZP','08 MAY 2023',00058,'VSKP');
INSERT INTO CURRENT_WORKERS VALUES (12728,'KZP','08 MAY 2023',00008,'VSKP');

INSERT INTO CURRENT_WORKERS VALUES (12727,'VSKP','08 MAY 2023',00031,'BZA');
INSERT INTO CURRENT_WORKERS VALUES (12727,'VSKP','08 MAY 2023',00029,'BZA');
INSERT INTO CURRENT_WORKERS VALUES (12727,'VSKP','08 MAY 2023',00068,'BZA');
INSERT INTO CURRENT_WORKERS VALUES (12727,'VSKP','08 MAY 2023',00030,'BZA');

INSERT INTO CURRENT_WORKERS VALUES (12727,'BZA','08 MAY 2023',00045,'HYB');
INSERT INTO CURRENT_WORKERS VALUES (12727,'BZA','08 MAY 2023',00043,'HYB');
INSERT INTO CURRENT_WORKERS VALUES (12727,'BZA','08 MAY 2023',00062,'HYB');
INSERT INTO CURRENT_WORKERS VALUES (12727,'BZA','08 MAY 2023',00044,'HYB');

INSERT INTO CURRENT_WORKERS VALUES (22691,'KSRB','08 MAY 2023',00038,'SC');
INSERT INTO CURRENT_WORKERS VALUES (22691,'KSRB','08 MAY 2023',00036,'SC');
INSERT INTO CURRENT_WORKERS VALUES (22691,'KSRB','08 MAY 2023',00042,'SC');
INSERT INTO CURRENT_WORKERS VALUES (22691,'KSRB','08 MAY 2023',00037,'SC');
INSERT INTO CURRENT_WORKERS VALUES (22691,'SC','08 MAY 2023',00069,'NZM');
INSERT INTO CURRENT_WORKERS VALUES (22691,'SC','08 MAY 2023',00001,'NZM');
INSERT INTO CURRENT_WORKERS VALUES (22691,'SC','08 MAY 2023',00003,'NZM');
INSERT INTO CURRENT_WORKERS VALUES (22691,'SC','08 MAY 2023',00014,'NZM');

INSERT INTO CURRENT_WORKERS VALUES (12805,'VSKP','08 MAY 2023',00052,'LNG');
INSERT INTO CURRENT_WORKERS VALUES (12805,'VSKP','08 MAY 2023',00050,'LNG');
INSERT INTO CURRENT_WORKERS VALUES (12805,'VSKP','08 MAY 2023',00063,'LNG');
INSERT INTO CURRENT_WORKERS VALUES (12805,'VSKP','08 MAY 2023',00051,'LNG');

INSERT INTO CURRENT_WORKERS VALUES (15389,'SC','08 MAY 2023',00006,'KZP');